{"cameraMode":{"drawMode":0,"name":"Shaded","section":"Shading Mode"},"sceneLighting":true,"audioPlay":false,"sceneViewState":{"m_AlwaysRefresh":false,"showFog":true,"showSkybox":true,"showFlares":true,"showImageEffects":true,"showParticleSystems":true,"showVisualEffectGraphs":true,"m_FxEnabled":true},"in2DMode":false,"pivot":{"x":16.697280883789064,"y":4.154632091522217,"z":1.3363537788391114},"rotation":{"x":-0.18037967383861543,"y":-0.0492539219558239,"z":0.009038100950419903,"w":-0.9823458790779114},"size":10.885540008544922,"orthographic":false}